{
  "authorDailyContributionsMap": {
    "suriruhani": [
      {
        "insertions": 0,
        "deletions": 0,
        "date": "2019-02-03",
        "commitResults": []
      },
      {
        "insertions": 0,
        "deletions": 0,
        "date": "2019-02-04",
        "commitResults": []
      },
      {
        "insertions": 0,
        "deletions": 0,
        "date": "2019-02-05",
        "commitResults": []
      },
      {
        "insertions": 0,
        "deletions": 0,
        "date": "2019-02-06",
        "commitResults": []
      },
      {
        "insertions": 0,
        "deletions": 0,
        "date": "2019-02-07",
        "commitResults": []
      },
      {
        "insertions": 0,
        "deletions": 0,
        "date": "2019-02-08",
        "commitResults": []
      },
      {
        "insertions": 0,
        "deletions": 0,
        "date": "2019-02-09",
        "commitResults": []
      },
      {
        "insertions": 0,
        "deletions": 0,
        "date": "2019-02-10",
        "commitResults": []
      },
      {
        "insertions": 0,
        "deletions": 0,
        "date": "2019-02-11",
        "commitResults": []
      },
      {
        "insertions": 0,
        "deletions": 0,
        "date": "2019-02-12",
        "commitResults": []
      },
      {
        "insertions": 0,
        "deletions": 0,
        "date": "2019-02-13",
        "commitResults": []
      },
      {
        "insertions": 0,
        "deletions": 0,
        "date": "2019-02-14",
        "commitResults": []
      },
      {
        "insertions": 0,
        "deletions": 0,
        "date": "2019-02-15",
        "commitResults": []
      },
      {
        "insertions": 0,
        "deletions": 0,
        "date": "2019-02-16",
        "commitResults": []
      },
      {
        "insertions": 0,
        "deletions": 0,
        "date": "2019-02-17",
        "commitResults": []
      },
      {
        "insertions": 0,
        "deletions": 0,
        "date": "2019-02-18",
        "commitResults": []
      },
      {
        "insertions": 56,
        "deletions": 24,
        "date": "2019-02-19",
        "commitResults": [
          {
            "hash": "d1ea651b7dcc2116e5feeb5e3244eae6423073e3",
            "message": "Update AboutUs.adoc",
            "insertions": 47,
            "deletions": 21
          },
          {
            "hash": "ac93c0f0d1759acf92ba3748578cbdbdcdf483e8",
            "message": "Update ContactUs.adoc",
            "insertions": 9,
            "deletions": 3
          }
        ]
      },
      {
        "insertions": 0,
        "deletions": 0,
        "date": "2019-02-20",
        "commitResults": []
      },
      {
        "insertions": 0,
        "deletions": 0,
        "date": "2019-02-21",
        "commitResults": []
      },
      {
        "insertions": 0,
        "deletions": 0,
        "date": "2019-02-22",
        "commitResults": []
      },
      {
        "insertions": 0,
        "deletions": 0,
        "date": "2019-02-23",
        "commitResults": []
      },
      {
        "insertions": 0,
        "deletions": 0,
        "date": "2019-02-24",
        "commitResults": []
      },
      {
        "insertions": 8,
        "deletions": 19,
        "date": "2019-02-25",
        "commitResults": [
          {
            "hash": "0ffa9103cde0ee9206f8bfcb0aa2440a4e85d030",
            "message": "Added pictures to AboutUs.adoc",
            "insertions": 5,
            "deletions": 5
          },
          {
            "hash": "c12600798ff5e2d451eea893131b6a94ce2d019c",
            "message": "Updated AboutUs.adoc",
            "insertions": 2,
            "deletions": 6
          },
          {
            "hash": "9018433e4e4ca898dfe7798b0327f2526c009624",
            "message": "minor bug fixes",
            "insertions": 1,
            "deletions": 8
          }
        ]
      },
      {
        "insertions": 0,
        "deletions": 0,
        "date": "2019-02-26",
        "commitResults": []
      },
      {
        "insertions": 0,
        "deletions": 0,
        "date": "2019-02-27",
        "commitResults": []
      },
      {
        "insertions": 0,
        "deletions": 0,
        "date": "2019-02-28",
        "commitResults": []
      },
      {
        "insertions": 0,
        "deletions": 0,
        "date": "2019-03-01",
        "commitResults": []
      },
      {
        "insertions": 0,
        "deletions": 0,
        "date": "2019-03-02",
        "commitResults": []
      },
      {
        "insertions": 0,
        "deletions": 0,
        "date": "2019-03-03",
        "commitResults": []
      },
      {
        "insertions": 0,
        "deletions": 0,
        "date": "2019-03-04",
        "commitResults": []
      },
      {
        "insertions": 34,
        "deletions": 10,
        "date": "2019-03-05",
        "commitResults": [
          {
            "hash": "38585f8d71230129c4c95813061fdb908e56d27f",
            "message": "Edit ListCommand.java success message",
            "insertions": 2,
            "deletions": 2
          },
          {
            "hash": "87c75d82b6fb46bc2b522aa5c712192b5c175bcb",
            "message": "Accept \u0027greet\u0027 command and display success message",
            "insertions": 24,
            "deletions": 0
          },
          {
            "hash": "7327663f0f76db72369c4ac5ef5d2e34b1b4aac5",
            "message": "Update MESSAGE_SUCCESS to display the greeting",
            "insertions": 2,
            "deletions": 1
          },
          {
            "hash": "eb747fb7b0a37f06e40d38c87af5168dd934b037",
            "message": "Minor checkstyle fixes",
            "insertions": 2,
            "deletions": 3
          },
          {
            "hash": "df4710606b9d0fd10ea801ad998d663559a2efc9",
            "message": "Revert changes to ListCommand.java",
            "insertions": 2,
            "deletions": 2
          },
          {
            "hash": "290a79473c3eb93b8763e5912e9822378d0ac89c",
            "message": "Checkstyle fixes",
            "insertions": 1,
            "deletions": 1
          },
          {
            "hash": "d6bf14bff49bd74d07f526ea72678edfd980a933",
            "message": "Checkstyle fixes yet again",
            "insertions": 1,
            "deletions": 1
          }
        ]
      },
      {
        "insertions": 0,
        "deletions": 0,
        "date": "2019-03-06",
        "commitResults": []
      },
      {
        "insertions": 0,
        "deletions": 0,
        "date": "2019-03-07",
        "commitResults": []
      },
      {
        "insertions": 0,
        "deletions": 0,
        "date": "2019-03-08",
        "commitResults": []
      },
      {
        "insertions": 0,
        "deletions": 0,
        "date": "2019-03-09",
        "commitResults": []
      },
      {
        "insertions": 0,
        "deletions": 0,
        "date": "2019-03-10",
        "commitResults": []
      },
      {
        "insertions": 0,
        "deletions": 0,
        "date": "2019-03-11",
        "commitResults": []
      },
      {
        "insertions": 0,
        "deletions": 0,
        "date": "2019-03-12",
        "commitResults": []
      },
      {
        "insertions": 0,
        "deletions": 0,
        "date": "2019-03-13",
        "commitResults": []
      },
      {
        "insertions": 0,
        "deletions": 0,
        "date": "2019-03-14",
        "commitResults": []
      },
      {
        "insertions": 0,
        "deletions": 0,
        "date": "2019-03-15",
        "commitResults": []
      },
      {
        "insertions": 0,
        "deletions": 0,
        "date": "2019-03-16",
        "commitResults": []
      },
      {
        "insertions": 10,
        "deletions": 55,
        "date": "2019-03-17",
        "commitResults": [
          {
            "hash": "acfe0bef904ea6659110541b931bad1fe8ed71a8",
            "message": "update Storage.java and SourceDatabaseStorage.java interfaces",
            "insertions": 10,
            "deletions": 55
          }
        ]
      },
      {
        "insertions": 313,
        "deletions": 262,
        "date": "2019-03-18",
        "commitResults": [
          {
            "hash": "4822484b0acc11b292a731aa1d2d997082db89d5",
            "message": "update JsonSourceDatabaseStorage.java interface",
            "insertions": 0,
            "deletions": 80
          },
          {
            "hash": "2a02d86288c35fed9de2ea92c920f070413e30f3",
            "message": "update classes JsonSourceDatabaseStorage.java and JsonSerializableSourceDatabase.java",
            "insertions": 0,
            "deletions": 60
          },
          {
            "hash": "a57f52186d781c65f95aca489965e632a082d948",
            "message": "update class JsonAdaptedSource.java",
            "insertions": 0,
            "deletions": 109
          },
          {
            "hash": "e784077fdc7effd00be0256786d878be3c8d7aa0",
            "message": "update class StorageManager.java",
            "insertions": 13,
            "deletions": 13
          },
          {
            "hash": "98f3b3c5efeb1f2982ede1e9ef25a7245a6d374a",
            "message": "add class JsonAdaptedSource.java",
            "insertions": 113,
            "deletions": 0
          },
          {
            "hash": "3eca4288b661148fdae65e96b60ee8b8cab68f98",
            "message": "add class JsonSerializableSourceDatabase.java",
            "insertions": 61,
            "deletions": 0
          },
          {
            "hash": "5cd1e0ee8e9b8a6cc1e89b01457489e7e6f5b86a",
            "message": "add class JsonSourceDatabaseStorage.java",
            "insertions": 80,
            "deletions": 0
          },
          {
            "hash": "b5cd04cd829e588f17c11a36cfe82fa1bc357e48",
            "message": "add class SourceDatabaseStorage.java",
            "insertions": 46,
            "deletions": 0
          }
        ]
      },
      {
        "insertions": 194,
        "deletions": 89,
        "date": "2019-03-19",
        "commitResults": [
          {
            "hash": "696a6ca95d5ef83e99a40b0afa9cc27282f9dfa4",
            "message": "Edit and tested working of List Command post integration [ListCommand.java]",
            "insertions": 1,
            "deletions": 2
          },
          {
            "hash": "03568ae985bf47124771f5bde7ab577c28cd7052",
            "message": "Edit and tested working of Find Command post integration [FindCommand.java]",
            "insertions": 3,
            "deletions": 3
          },
          {
            "hash": "80f7eb9eff0121cb6163b6ba3cce0e65a7571c0b",
            "message": "Refactor FindCommand.java into SearchCommand.java; parser and tests updated too. Tested, working as per the default logic",
            "insertions": 24,
            "deletions": 24
          },
          {
            "hash": "899a4d5567eeb5baa39141710c91c0af2209e9bf",
            "message": "Update UserGuide.adoc for Search and List Command",
            "insertions": 11,
            "deletions": 10
          },
          {
            "hash": "ed73543ef978665777a7c57bb7f227e0620195b7",
            "message": "Update UserGuide.adoc for Search and List Command [minor fixes]",
            "insertions": 9,
            "deletions": 2
          },
          {
            "hash": "63aa6cde8d3c42a69e4595499d109d218789d6ed",
            "message": "Update DeveloperGuide.adoc for Search Command (without pictures)",
            "insertions": 125,
            "deletions": 0
          },
          {
            "hash": "578a8748ca4a65a19c445f4c2a638943986855ab",
            "message": "Update DeveloperGuide.adoc for List Command (without pictures)",
            "insertions": 21,
            "deletions": 48
          }
        ]
      },
      {
        "insertions": 0,
        "deletions": 0,
        "date": "2019-03-20",
        "commitResults": []
      },
      {
        "insertions": 0,
        "deletions": 0,
        "date": "2019-03-21",
        "commitResults": []
      },
      {
        "insertions": 0,
        "deletions": 0,
        "date": "2019-03-22",
        "commitResults": []
      },
      {
        "insertions": 0,
        "deletions": 0,
        "date": "2019-03-23",
        "commitResults": []
      },
      {
        "insertions": 0,
        "deletions": 0,
        "date": "2019-03-24",
        "commitResults": []
      },
      {
        "insertions": 0,
        "deletions": 0,
        "date": "2019-03-25",
        "commitResults": []
      },
      {
        "insertions": 0,
        "deletions": 0,
        "date": "2019-03-26",
        "commitResults": []
      }
    ],
    "DoItTomorrow": [
      {
        "insertions": 0,
        "deletions": 0,
        "date": "2019-02-03",
        "commitResults": []
      },
      {
        "insertions": 0,
        "deletions": 0,
        "date": "2019-02-04",
        "commitResults": []
      },
      {
        "insertions": 0,
        "deletions": 0,
        "date": "2019-02-05",
        "commitResults": []
      },
      {
        "insertions": 0,
        "deletions": 0,
        "date": "2019-02-06",
        "commitResults": []
      },
      {
        "insertions": 0,
        "deletions": 0,
        "date": "2019-02-07",
        "commitResults": []
      },
      {
        "insertions": 0,
        "deletions": 0,
        "date": "2019-02-08",
        "commitResults": []
      },
      {
        "insertions": 0,
        "deletions": 0,
        "date": "2019-02-09",
        "commitResults": []
      },
      {
        "insertions": 0,
        "deletions": 0,
        "date": "2019-02-10",
        "commitResults": []
      },
      {
        "insertions": 0,
        "deletions": 0,
        "date": "2019-02-11",
        "commitResults": []
      },
      {
        "insertions": 0,
        "deletions": 0,
        "date": "2019-02-12",
        "commitResults": []
      },
      {
        "insertions": 0,
        "deletions": 0,
        "date": "2019-02-13",
        "commitResults": []
      },
      {
        "insertions": 0,
        "deletions": 0,
        "date": "2019-02-14",
        "commitResults": []
      },
      {
        "insertions": 0,
        "deletions": 0,
        "date": "2019-02-15",
        "commitResults": []
      },
      {
        "insertions": 0,
        "deletions": 0,
        "date": "2019-02-16",
        "commitResults": []
      },
      {
        "insertions": 0,
        "deletions": 0,
        "date": "2019-02-17",
        "commitResults": []
      },
      {
        "insertions": 0,
        "deletions": 0,
        "date": "2019-02-18",
        "commitResults": []
      },
      {
        "insertions": 0,
        "deletions": 0,
        "date": "2019-02-19",
        "commitResults": []
      },
      {
        "insertions": 0,
        "deletions": 0,
        "date": "2019-02-20",
        "commitResults": []
      },
      {
        "insertions": 0,
        "deletions": 0,
        "date": "2019-02-21",
        "commitResults": []
      },
      {
        "insertions": 0,
        "deletions": 0,
        "date": "2019-02-22",
        "commitResults": []
      },
      {
        "insertions": 0,
        "deletions": 0,
        "date": "2019-02-23",
        "commitResults": []
      },
      {
        "insertions": 0,
        "deletions": 0,
        "date": "2019-02-24",
        "commitResults": []
      },
      {
        "insertions": 0,
        "deletions": 0,
        "date": "2019-02-25",
        "commitResults": []
      },
      {
        "insertions": 0,
        "deletions": 0,
        "date": "2019-02-26",
        "commitResults": []
      },
      {
        "insertions": 0,
        "deletions": 0,
        "date": "2019-02-27",
        "commitResults": []
      },
      {
        "insertions": 0,
        "deletions": 0,
        "date": "2019-02-28",
        "commitResults": []
      },
      {
        "insertions": 0,
        "deletions": 0,
        "date": "2019-03-01",
        "commitResults": []
      },
      {
        "insertions": 0,
        "deletions": 0,
        "date": "2019-03-02",
        "commitResults": []
      },
      {
        "insertions": 0,
        "deletions": 0,
        "date": "2019-03-03",
        "commitResults": []
      },
      {
        "insertions": 0,
        "deletions": 0,
        "date": "2019-03-04",
        "commitResults": []
      },
      {
        "insertions": 54,
        "deletions": 4,
        "date": "2019-03-05",
        "commitResults": [
          {
            "hash": "9acd1bc279df685c97f96374cb5cc62bce9cf6af",
            "message": "Added biblio command",
            "insertions": 17,
            "deletions": 0
          },
          {
            "hash": "86bbbdce3a566d696aa5385b87dddc2006ec9923",
            "message": "Fixed syntax error in BiblioCommand",
            "insertions": 1,
            "deletions": 2
          },
          {
            "hash": "91d60a79b1382cbc833624539ec11c9e5351a126",
            "message": "no message",
            "insertions": 10,
            "deletions": 1
          },
          {
            "hash": "1b3eac2bf9bb7baf211f7463545fdf1da79364ae",
            "message": "no message",
            "insertions": 1,
            "deletions": 1
          },
          {
            "hash": "f80a45db3a83740a6a50cd6833dd823b741e681a",
            "message": "Added BiblioCommand",
            "insertions": 25,
            "deletions": 0
          }
        ]
      },
      {
        "insertions": 0,
        "deletions": 0,
        "date": "2019-03-06",
        "commitResults": []
      },
      {
        "insertions": 0,
        "deletions": 0,
        "date": "2019-03-07",
        "commitResults": []
      },
      {
        "insertions": 0,
        "deletions": 0,
        "date": "2019-03-08",
        "commitResults": []
      },
      {
        "insertions": 0,
        "deletions": 0,
        "date": "2019-03-09",
        "commitResults": []
      },
      {
        "insertions": 0,
        "deletions": 0,
        "date": "2019-03-10",
        "commitResults": []
      },
      {
        "insertions": 0,
        "deletions": 0,
        "date": "2019-03-11",
        "commitResults": []
      },
      {
        "insertions": 0,
        "deletions": 0,
        "date": "2019-03-12",
        "commitResults": []
      },
      {
        "insertions": 0,
        "deletions": 0,
        "date": "2019-03-13",
        "commitResults": []
      },
      {
        "insertions": 0,
        "deletions": 0,
        "date": "2019-03-14",
        "commitResults": []
      },
      {
        "insertions": 0,
        "deletions": 0,
        "date": "2019-03-15",
        "commitResults": []
      },
      {
        "insertions": 0,
        "deletions": 0,
        "date": "2019-03-16",
        "commitResults": []
      },
      {
        "insertions": 0,
        "deletions": 0,
        "date": "2019-03-17",
        "commitResults": []
      },
      {
        "insertions": 0,
        "deletions": 0,
        "date": "2019-03-18",
        "commitResults": []
      },
      {
        "insertions": 0,
        "deletions": 0,
        "date": "2019-03-19",
        "commitResults": []
      },
      {
        "insertions": 0,
        "deletions": 0,
        "date": "2019-03-20",
        "commitResults": []
      },
      {
        "insertions": 0,
        "deletions": 0,
        "date": "2019-03-21",
        "commitResults": []
      },
      {
        "insertions": 0,
        "deletions": 0,
        "date": "2019-03-22",
        "commitResults": []
      },
      {
        "insertions": 0,
        "deletions": 0,
        "date": "2019-03-23",
        "commitResults": []
      },
      {
        "insertions": 0,
        "deletions": 0,
        "date": "2019-03-24",
        "commitResults": []
      },
      {
        "insertions": 0,
        "deletions": 0,
        "date": "2019-03-25",
        "commitResults": []
      },
      {
        "insertions": 107,
        "deletions": 46,
        "date": "2019-03-26",
        "commitResults": [
          {
            "hash": "69afbf2af204ed857c4d198d65207937fe48878a",
            "message": "Update UserGuide.adoc",
            "insertions": 6,
            "deletions": 6
          },
          {
            "hash": "c0dda86de022ada49ee3fb2cdb741df073a0f7e0",
            "message": "Added support for calling biblio command Added BiblioCommandParser to Parser module Added reference to BiblioCommandParser in SourceManagerParser Basic functionality implemented for BiblioCommand",
            "insertions": 66,
            "deletions": 24
          },
          {
            "hash": "d34e8c388157aa569a2c0f94399daa4132976b1d",
            "message": "Update SourceManagerParser.java",
            "insertions": 1,
            "deletions": 1
          },
          {
            "hash": "80340fda35f29a6a669a9a75b243803afc2b13ae",
            "message": "Update SourceManagerParser.java",
            "insertions": 19,
            "deletions": 1
          },
          {
            "hash": "e0e54f95146d00bc39409dd1435fc421fae02726",
            "message": "Update BiblioCommand.java",
            "insertions": 1,
            "deletions": 1
          },
          {
            "hash": "fb88b079b5cde31aaec3b205121abb1147fe54b0",
            "message": "Update SourceManagerParser.java",
            "insertions": 1,
            "deletions": 0
          },
          {
            "hash": "136578e0147441cb4faa535d965f9b7388a5d1a1",
            "message": "Update BiblioCommand.java",
            "insertions": 1,
            "deletions": 1
          },
          {
            "hash": "913671046f850e83702c5cedb2bda01b188bd15f",
            "message": "Reordered imports for styling in BiblioCommand",
            "insertions": 5,
            "deletions": 4
          },
          {
            "hash": "84d4bde34d0fba955c2bfc201388f40d5b0f25da",
            "message": "Update BiblioCommand.java",
            "insertions": 4,
            "deletions": 4
          },
          {
            "hash": "b17d22aec492708bb82a5a3da365e74b09570b9b",
            "message": "Update BiblioCommand.java",
            "insertions": 1,
            "deletions": 1
          },
          {
            "hash": "12ee605e39e5dd30354729f3a779104aebf3662e",
            "message": "Update BiblioCommand.java",
            "insertions": 0,
            "deletions": 1
          },
          {
            "hash": "c52f85001c014a64cccc5bdf290bb44590796760",
            "message": "Update BiblioCommand.java",
            "insertions": 2,
            "deletions": 2
          }
        ]
      }
    ],
    "case141": [
      {
        "insertions": 0,
        "deletions": 0,
        "date": "2019-02-03",
        "commitResults": []
      },
      {
        "insertions": 0,
        "deletions": 0,
        "date": "2019-02-04",
        "commitResults": []
      },
      {
        "insertions": 0,
        "deletions": 0,
        "date": "2019-02-05",
        "commitResults": []
      },
      {
        "insertions": 0,
        "deletions": 0,
        "date": "2019-02-06",
        "commitResults": []
      },
      {
        "insertions": 0,
        "deletions": 0,
        "date": "2019-02-07",
        "commitResults": []
      },
      {
        "insertions": 0,
        "deletions": 0,
        "date": "2019-02-08",
        "commitResults": []
      },
      {
        "insertions": 0,
        "deletions": 0,
        "date": "2019-02-09",
        "commitResults": []
      },
      {
        "insertions": 0,
        "deletions": 0,
        "date": "2019-02-10",
        "commitResults": []
      },
      {
        "insertions": 0,
        "deletions": 0,
        "date": "2019-02-11",
        "commitResults": []
      },
      {
        "insertions": 0,
        "deletions": 0,
        "date": "2019-02-12",
        "commitResults": []
      },
      {
        "insertions": 0,
        "deletions": 0,
        "date": "2019-02-13",
        "commitResults": []
      },
      {
        "insertions": 0,
        "deletions": 0,
        "date": "2019-02-14",
        "commitResults": []
      },
      {
        "insertions": 0,
        "deletions": 0,
        "date": "2019-02-15",
        "commitResults": []
      },
      {
        "insertions": 0,
        "deletions": 0,
        "date": "2019-02-16",
        "commitResults": []
      },
      {
        "insertions": 0,
        "deletions": 0,
        "date": "2019-02-17",
        "commitResults": []
      },
      {
        "insertions": 0,
        "deletions": 0,
        "date": "2019-02-18",
        "commitResults": []
      },
      {
        "insertions": 89,
        "deletions": 86,
        "date": "2019-02-19",
        "commitResults": [
          {
            "hash": "38614c593b266ed9cc248d5916bad61b061b33d0",
            "message": "made required changes to userguide and contactus to suit our product",
            "insertions": 89,
            "deletions": 86
          }
        ]
      },
      {
        "insertions": 3,
        "deletions": 4,
        "date": "2019-02-20",
        "commitResults": [
          {
            "hash": "50ac02db55521c5ddb6e7a14f92183a6b559c23a",
            "message": "changed UI mockup to Infinity Machine product",
            "insertions": 1,
            "deletions": 1
          },
          {
            "hash": "4e227cadc3bfbfc67b15b070129c58e4a382e560",
            "message": "changed Ui.jpg to png",
            "insertions": 1,
            "deletions": 1
          },
          {
            "hash": "342d071cedbdaf1ca6d276b374d2aefa9d70cb0c",
            "message": "Updated README: corrected grammatical errors",
            "insertions": 1,
            "deletions": 1
          },
          {
            "hash": "1bb6f13d3460be314e056addb0209106c3061f32",
            "message": "removed redundant dummy text from aboutus page",
            "insertions": 0,
            "deletions": 1
          }
        ]
      },
      {
        "insertions": 0,
        "deletions": 0,
        "date": "2019-02-21",
        "commitResults": []
      },
      {
        "insertions": 0,
        "deletions": 0,
        "date": "2019-02-22",
        "commitResults": []
      },
      {
        "insertions": 0,
        "deletions": 0,
        "date": "2019-02-23",
        "commitResults": []
      },
      {
        "insertions": 0,
        "deletions": 0,
        "date": "2019-02-24",
        "commitResults": []
      },
      {
        "insertions": 0,
        "deletions": 0,
        "date": "2019-02-25",
        "commitResults": []
      },
      {
        "insertions": 0,
        "deletions": 0,
        "date": "2019-02-26",
        "commitResults": []
      },
      {
        "insertions": 0,
        "deletions": 0,
        "date": "2019-02-27",
        "commitResults": []
      },
      {
        "insertions": 0,
        "deletions": 0,
        "date": "2019-02-28",
        "commitResults": []
      },
      {
        "insertions": 0,
        "deletions": 0,
        "date": "2019-03-01",
        "commitResults": []
      },
      {
        "insertions": 0,
        "deletions": 0,
        "date": "2019-03-02",
        "commitResults": []
      },
      {
        "insertions": 0,
        "deletions": 0,
        "date": "2019-03-03",
        "commitResults": []
      },
      {
        "insertions": 0,
        "deletions": 0,
        "date": "2019-03-04",
        "commitResults": []
      },
      {
        "insertions": 85,
        "deletions": 10,
        "date": "2019-03-05",
        "commitResults": [
          {
            "hash": "854a03ede98276e62a2694b68dce9e27f4b9de07",
            "message": "add count command class to logic component",
            "insertions": 24,
            "deletions": 0
          },
          {
            "hash": "e8cee03d01d9026a8f8519b055329078f5c4ea65",
            "message": "update parser with count command",
            "insertions": 4,
            "deletions": 0
          },
          {
            "hash": "ccbdd26956aca3a7796c1586954018e4e43a5e8e",
            "message": "add getcount method to model.java",
            "insertions": 5,
            "deletions": 0
          },
          {
            "hash": "3c05460a9e26f5e6723bdd0ef327585003248fed",
            "message": "update modelmanager.java with count command",
            "insertions": 5,
            "deletions": 0
          },
          {
            "hash": "153c69b9cb5a41bfd08e0766de4c82c9a87d953c",
            "message": "fixed travis errors",
            "insertions": 3,
            "deletions": 2
          },
          {
            "hash": "b9d8f7a32e4b9fd874c244489b1a572513e68728",
            "message": "removed unused import and added missing javadoc",
            "insertions": 3,
            "deletions": 1
          },
          {
            "hash": "70e8d36379cdba873797b266ae597796be8307e7",
            "message": "add CountCommandTest.java for tests",
            "insertions": 22,
            "deletions": 0
          },
          {
            "hash": "1e21c739e1f46c2a4129c2ec43f542d71176f834",
            "message": "add count command test to parser",
            "insertions": 6,
            "deletions": 0
          },
          {
            "hash": "8e97b7ebc6ff51df7dc8d835deae438619b990ef",
            "message": "resolve errors with count command tests",
            "insertions": 13,
            "deletions": 7
          }
        ]
      },
      {
        "insertions": 0,
        "deletions": 0,
        "date": "2019-03-06",
        "commitResults": []
      },
      {
        "insertions": 0,
        "deletions": 0,
        "date": "2019-03-07",
        "commitResults": []
      },
      {
        "insertions": 0,
        "deletions": 0,
        "date": "2019-03-08",
        "commitResults": []
      },
      {
        "insertions": 0,
        "deletions": 0,
        "date": "2019-03-09",
        "commitResults": []
      },
      {
        "insertions": 0,
        "deletions": 0,
        "date": "2019-03-10",
        "commitResults": []
      },
      {
        "insertions": 0,
        "deletions": 0,
        "date": "2019-03-11",
        "commitResults": []
      },
      {
        "insertions": 314,
        "deletions": 31,
        "date": "2019-03-12",
        "commitResults": [
          {
            "hash": "fd8ffa6b1583f167199ea3854c43b23218dd4ec3",
            "message": "added new source package to current ab4 model",
            "insertions": 278,
            "deletions": 19
          },
          {
            "hash": "26649cca48ea841ba9eb4590fc61aa939012e324",
            "message": "added missing javadocs",
            "insertions": 23,
            "deletions": 6
          },
          {
            "hash": "b8512c355eea79157a9f8ce2666be6eb5275493c",
            "message": "fixed code styles",
            "insertions": 10,
            "deletions": 3
          },
          {
            "hash": "650e13e7e6ed464310f6db769cd3902454239490",
            "message": "fixed more travis errors",
            "insertions": 3,
            "deletions": 3
          }
        ]
      },
      {
        "insertions": 0,
        "deletions": 0,
        "date": "2019-03-13",
        "commitResults": []
      },
      {
        "insertions": 0,
        "deletions": 0,
        "date": "2019-03-14",
        "commitResults": []
      },
      {
        "insertions": 0,
        "deletions": 0,
        "date": "2019-03-15",
        "commitResults": []
      },
      {
        "insertions": 0,
        "deletions": 0,
        "date": "2019-03-16",
        "commitResults": []
      },
      {
        "insertions": 0,
        "deletions": 0,
        "date": "2019-03-17",
        "commitResults": []
      },
      {
        "insertions": 0,
        "deletions": 0,
        "date": "2019-03-18",
        "commitResults": []
      },
      {
        "insertions": 0,
        "deletions": 0,
        "date": "2019-03-19",
        "commitResults": []
      },
      {
        "insertions": 0,
        "deletions": 0,
        "date": "2019-03-20",
        "commitResults": []
      },
      {
        "insertions": 0,
        "deletions": 0,
        "date": "2019-03-21",
        "commitResults": []
      },
      {
        "insertions": 0,
        "deletions": 0,
        "date": "2019-03-22",
        "commitResults": []
      },
      {
        "insertions": 0,
        "deletions": 0,
        "date": "2019-03-23",
        "commitResults": []
      },
      {
        "insertions": 0,
        "deletions": 0,
        "date": "2019-03-24",
        "commitResults": []
      },
      {
        "insertions": 0,
        "deletions": 0,
        "date": "2019-03-25",
        "commitResults": []
      },
      {
        "insertions": 0,
        "deletions": 0,
        "date": "2019-03-26",
        "commitResults": []
      }
    ],
    "DarrenDragonLee": [
      {
        "insertions": 0,
        "deletions": 0,
        "date": "2019-02-03",
        "commitResults": []
      },
      {
        "insertions": 0,
        "deletions": 0,
        "date": "2019-02-04",
        "commitResults": []
      },
      {
        "insertions": 0,
        "deletions": 0,
        "date": "2019-02-05",
        "commitResults": []
      },
      {
        "insertions": 0,
        "deletions": 0,
        "date": "2019-02-06",
        "commitResults": []
      },
      {
        "insertions": 0,
        "deletions": 0,
        "date": "2019-02-07",
        "commitResults": []
      },
      {
        "insertions": 0,
        "deletions": 0,
        "date": "2019-02-08",
        "commitResults": []
      },
      {
        "insertions": 0,
        "deletions": 0,
        "date": "2019-02-09",
        "commitResults": []
      },
      {
        "insertions": 0,
        "deletions": 0,
        "date": "2019-02-10",
        "commitResults": []
      },
      {
        "insertions": 0,
        "deletions": 0,
        "date": "2019-02-11",
        "commitResults": []
      },
      {
        "insertions": 0,
        "deletions": 0,
        "date": "2019-02-12",
        "commitResults": []
      },
      {
        "insertions": 0,
        "deletions": 0,
        "date": "2019-02-13",
        "commitResults": []
      },
      {
        "insertions": 0,
        "deletions": 0,
        "date": "2019-02-14",
        "commitResults": []
      },
      {
        "insertions": 0,
        "deletions": 0,
        "date": "2019-02-15",
        "commitResults": []
      },
      {
        "insertions": 0,
        "deletions": 0,
        "date": "2019-02-16",
        "commitResults": []
      },
      {
        "insertions": 0,
        "deletions": 0,
        "date": "2019-02-17",
        "commitResults": []
      },
      {
        "insertions": 0,
        "deletions": 0,
        "date": "2019-02-18",
        "commitResults": []
      },
      {
        "insertions": 24,
        "deletions": 22,
        "date": "2019-02-19",
        "commitResults": [
          {
            "hash": "11db80a3d6c3de4474650064c8b6d7edde78a7eb",
            "message": "Readded images and changes to AboutUs document",
            "insertions": 24,
            "deletions": 22
          }
        ]
      },
      {
        "insertions": 0,
        "deletions": 0,
        "date": "2019-02-20",
        "commitResults": []
      },
      {
        "insertions": 0,
        "deletions": 0,
        "date": "2019-02-21",
        "commitResults": []
      },
      {
        "insertions": 0,
        "deletions": 0,
        "date": "2019-02-22",
        "commitResults": []
      },
      {
        "insertions": 0,
        "deletions": 0,
        "date": "2019-02-23",
        "commitResults": []
      },
      {
        "insertions": 0,
        "deletions": 0,
        "date": "2019-02-24",
        "commitResults": []
      },
      {
        "insertions": 0,
        "deletions": 0,
        "date": "2019-02-25",
        "commitResults": []
      },
      {
        "insertions": 0,
        "deletions": 0,
        "date": "2019-02-26",
        "commitResults": []
      },
      {
        "insertions": 0,
        "deletions": 0,
        "date": "2019-02-27",
        "commitResults": []
      },
      {
        "insertions": 0,
        "deletions": 0,
        "date": "2019-02-28",
        "commitResults": []
      },
      {
        "insertions": 0,
        "deletions": 0,
        "date": "2019-03-01",
        "commitResults": []
      },
      {
        "insertions": 0,
        "deletions": 0,
        "date": "2019-03-02",
        "commitResults": []
      },
      {
        "insertions": 303,
        "deletions": 62,
        "date": "2019-03-03",
        "commitResults": [
          {
            "hash": "de0b8a2cee374da210797e1d9728093b1f6eda11",
            "message": "Massive update for storage model",
            "insertions": 207,
            "deletions": 0
          },
          {
            "hash": "88c59e3f2a66a972a8ee250fb611052d4cf27d35",
            "message": "Removed \"whitespaces\"",
            "insertions": 22,
            "deletions": 23
          },
          {
            "hash": "66cfd5ee77794ad7c8fa71092ab3f8139bad94f1",
            "message": "Removed \"whitespaces\" again",
            "insertions": 1,
            "deletions": 1
          },
          {
            "hash": "9f07b3385a62a5909ffc3823b251983fa7bd73df",
            "message": "Added javadocs",
            "insertions": 24,
            "deletions": 9
          },
          {
            "hash": "cb8de1046229b742bb4b415b4715839aa3659796",
            "message": "Modified Java Docs and made minor changes",
            "insertions": 43,
            "deletions": 23
          },
          {
            "hash": "20358307c513c1daf5fe8309eeb267909f1043ac",
            "message": "Removed \"whitespaces\"",
            "insertions": 3,
            "deletions": 3
          },
          {
            "hash": "f058444596e97ec764e04c008922794a496b8f45",
            "message": "Modified import order",
            "insertions": 3,
            "deletions": 3
          }
        ]
      },
      {
        "insertions": 0,
        "deletions": 0,
        "date": "2019-03-04",
        "commitResults": []
      },
      {
        "insertions": 7,
        "deletions": 7,
        "date": "2019-03-05",
        "commitResults": [
          {
            "hash": "e34fb19bedab14cf85b75ab94bc526859fa23c8b",
            "message": "Renamed all images and chenged the AboutUs document accordingly",
            "insertions": 5,
            "deletions": 5
          },
          {
            "hash": "6f47aa787c1df62fdced8c2f615f1765b4b47da7",
            "message": "Replaced Yang Yang\u0027s photo and corrected typo in Fabian\u0027s username",
            "insertions": 2,
            "deletions": 2
          }
        ]
      },
      {
        "insertions": 0,
        "deletions": 0,
        "date": "2019-03-06",
        "commitResults": []
      },
      {
        "insertions": 0,
        "deletions": 0,
        "date": "2019-03-07",
        "commitResults": []
      },
      {
        "insertions": 0,
        "deletions": 0,
        "date": "2019-03-08",
        "commitResults": []
      },
      {
        "insertions": 427,
        "deletions": 131,
        "date": "2019-03-09",
        "commitResults": [
          {
            "hash": "f494ad2d812688bd2fb9ba1ac3ea878e3c6473f7",
            "message": "Massive improvement to the source model",
            "insertions": 287,
            "deletions": 1
          },
          {
            "hash": "1101786d172eff4f8db0519af07d5b666b0efa3b",
            "message": "Removed 1 whitespace",
            "insertions": 1,
            "deletions": 1
          },
          {
            "hash": "b4f0e6ea020e060343da1a10d452b03d90d7408c",
            "message": "Added java docs for main method and shifted indentations for entire codebase",
            "insertions": 137,
            "deletions": 127
          },
          {
            "hash": "dd76043608ca2acdd749da01b21765166d727c10",
            "message": "Added 2 whitespaces",
            "insertions": 2,
            "deletions": 2
          }
        ]
      },
      {
        "insertions": 0,
        "deletions": 0,
        "date": "2019-03-10",
        "commitResults": []
      },
      {
        "insertions": 0,
        "deletions": 0,
        "date": "2019-03-11",
        "commitResults": []
      },
      {
        "insertions": 0,
        "deletions": 0,
        "date": "2019-03-12",
        "commitResults": []
      },
      {
        "insertions": 0,
        "deletions": 0,
        "date": "2019-03-13",
        "commitResults": []
      },
      {
        "insertions": 0,
        "deletions": 0,
        "date": "2019-03-14",
        "commitResults": []
      },
      {
        "insertions": 0,
        "deletions": 0,
        "date": "2019-03-15",
        "commitResults": []
      },
      {
        "insertions": 0,
        "deletions": 0,
        "date": "2019-03-16",
        "commitResults": []
      },
      {
        "insertions": 209,
        "deletions": 300,
        "date": "2019-03-17",
        "commitResults": [
          {
            "hash": "3fff75f7f3e122fc48e4befa2a699803abe4741a",
            "message": "Update for Add and Edit commands and related files",
            "insertions": 209,
            "deletions": 300
          }
        ]
      },
      {
        "insertions": 0,
        "deletions": 0,
        "date": "2019-03-18",
        "commitResults": []
      },
      {
        "insertions": 0,
        "deletions": 0,
        "date": "2019-03-19",
        "commitResults": []
      },
      {
        "insertions": 0,
        "deletions": 0,
        "date": "2019-03-20",
        "commitResults": []
      },
      {
        "insertions": 0,
        "deletions": 0,
        "date": "2019-03-21",
        "commitResults": []
      },
      {
        "insertions": 0,
        "deletions": 0,
        "date": "2019-03-22",
        "commitResults": []
      },
      {
        "insertions": 0,
        "deletions": 0,
        "date": "2019-03-23",
        "commitResults": []
      },
      {
        "insertions": 0,
        "deletions": 0,
        "date": "2019-03-24",
        "commitResults": []
      },
      {
        "insertions": 0,
        "deletions": 0,
        "date": "2019-03-25",
        "commitResults": []
      },
      {
        "insertions": 0,
        "deletions": 0,
        "date": "2019-03-26",
        "commitResults": []
      }
    ],
    "fterh": [
      {
        "insertions": 1,
        "deletions": 1,
        "date": "2019-02-03",
        "commitResults": [
          {
            "hash": "896a0532c0815b688a2186d80c09e521b45a993a",
            "message": "Update Travis CI build badge",
            "insertions": 1,
            "deletions": 1
          }
        ]
      },
      {
        "insertions": 0,
        "deletions": 0,
        "date": "2019-02-04",
        "commitResults": []
      },
      {
        "insertions": 0,
        "deletions": 0,
        "date": "2019-02-05",
        "commitResults": []
      },
      {
        "insertions": 0,
        "deletions": 0,
        "date": "2019-02-06",
        "commitResults": []
      },
      {
        "insertions": 0,
        "deletions": 0,
        "date": "2019-02-07",
        "commitResults": []
      },
      {
        "insertions": 0,
        "deletions": 0,
        "date": "2019-02-08",
        "commitResults": []
      },
      {
        "insertions": 0,
        "deletions": 0,
        "date": "2019-02-09",
        "commitResults": []
      },
      {
        "insertions": 0,
        "deletions": 0,
        "date": "2019-02-10",
        "commitResults": []
      },
      {
        "insertions": 0,
        "deletions": 0,
        "date": "2019-02-11",
        "commitResults": []
      },
      {
        "insertions": 0,
        "deletions": 0,
        "date": "2019-02-12",
        "commitResults": []
      },
      {
        "insertions": 0,
        "deletions": 0,
        "date": "2019-02-13",
        "commitResults": []
      },
      {
        "insertions": 0,
        "deletions": 0,
        "date": "2019-02-14",
        "commitResults": []
      },
      {
        "insertions": 0,
        "deletions": 0,
        "date": "2019-02-15",
        "commitResults": []
      },
      {
        "insertions": 0,
        "deletions": 0,
        "date": "2019-02-16",
        "commitResults": []
      },
      {
        "insertions": 0,
        "deletions": 0,
        "date": "2019-02-17",
        "commitResults": []
      },
      {
        "insertions": 0,
        "deletions": 0,
        "date": "2019-02-18",
        "commitResults": []
      },
      {
        "insertions": 0,
        "deletions": 0,
        "date": "2019-02-19",
        "commitResults": []
      },
      {
        "insertions": 0,
        "deletions": 0,
        "date": "2019-02-20",
        "commitResults": []
      },
      {
        "insertions": 0,
        "deletions": 0,
        "date": "2019-02-21",
        "commitResults": []
      },
      {
        "insertions": 0,
        "deletions": 0,
        "date": "2019-02-22",
        "commitResults": []
      },
      {
        "insertions": 0,
        "deletions": 0,
        "date": "2019-02-23",
        "commitResults": []
      },
      {
        "insertions": 0,
        "deletions": 0,
        "date": "2019-02-24",
        "commitResults": []
      },
      {
        "insertions": 90,
        "deletions": 2,
        "date": "2019-02-25",
        "commitResults": [
          {
            "hash": "70d5ab6066d0301fc77c1e1b664f0e9263b931e5",
            "message": "Create commands \"panic\" and \"unpanic\"",
            "insertions": 56,
            "deletions": 0
          },
          {
            "hash": "a4ccddb82ca6b5ea0aa35db67361a694c3b89684",
            "message": "Accept \"panic\" and \"unpanic\" commands",
            "insertions": 8,
            "deletions": 0
          },
          {
            "hash": "6ae430c695c18389fa450767451397b74595b755",
            "message": "ModelManager.java: update to implement PanicMode interface",
            "insertions": 26,
            "deletions": 2
          }
        ]
      },
      {
        "insertions": 29,
        "deletions": 11,
        "date": "2019-02-26",
        "commitResults": [
          {
            "hash": "abfa3acb6c63b2fca8e3c6f7ce1baded1f475ee0",
            "message": "Fix checkstyle violations",
            "insertions": 17,
            "deletions": 11
          },
          {
            "hash": "80843c363f22aa3f204dbc5183c7bb07e65cc97c",
            "message": "Model.java: add default implementation methods for PanicMode",
            "insertions": 12,
            "deletions": 0
          }
        ]
      },
      {
        "insertions": 0,
        "deletions": 0,
        "date": "2019-02-27",
        "commitResults": []
      },
      {
        "insertions": 0,
        "deletions": 0,
        "date": "2019-02-28",
        "commitResults": []
      },
      {
        "insertions": 0,
        "deletions": 0,
        "date": "2019-03-01",
        "commitResults": []
      },
      {
        "insertions": 0,
        "deletions": 0,
        "date": "2019-03-02",
        "commitResults": []
      },
      {
        "insertions": 0,
        "deletions": 0,
        "date": "2019-03-03",
        "commitResults": []
      },
      {
        "insertions": 0,
        "deletions": 0,
        "date": "2019-03-04",
        "commitResults": []
      },
      {
        "insertions": 0,
        "deletions": 25,
        "date": "2019-03-05",
        "commitResults": [
          {
            "hash": "e1e46842a65d78f0bdc10b68bd60510a5f7c17fd",
            "message": "Revert \"Implement Biblio Command\"",
            "insertions": 0,
            "deletions": 25
          }
        ]
      },
      {
        "insertions": 0,
        "deletions": 0,
        "date": "2019-03-06",
        "commitResults": []
      },
      {
        "insertions": 0,
        "deletions": 0,
        "date": "2019-03-07",
        "commitResults": []
      },
      {
        "insertions": 0,
        "deletions": 0,
        "date": "2019-03-08",
        "commitResults": []
      },
      {
        "insertions": 12,
        "deletions": 0,
        "date": "2019-03-09",
        "commitResults": [
          {
            "hash": "34c63e309e18917656c2bf75c648ace0e5950407",
            "message": "Add panic and unpanic commands to UserGuide.adoc",
            "insertions": 12,
            "deletions": 0
          }
        ]
      },
      {
        "insertions": 0,
        "deletions": 0,
        "date": "2019-03-10",
        "commitResults": []
      },
      {
        "insertions": 0,
        "deletions": 0,
        "date": "2019-03-11",
        "commitResults": []
      },
      {
        "insertions": 50,
        "deletions": 26,
        "date": "2019-03-12",
        "commitResults": [
          {
            "hash": "7279c6e542d8b89c418ab156e2a0d73f5f78315e",
            "message": "Fix bug: prevent enabling panic mode multiple times",
            "insertions": 16,
            "deletions": 0
          },
          {
            "hash": "0495c8ff43ccf86cd91c053f079c1db57f81515b",
            "message": "Fix typo: \"Titles\" should be \"Types\" instead",
            "insertions": 1,
            "deletions": 1
          },
          {
            "hash": "e286ba2792614a47bf1b85c0f4a45ef2f1318fd9",
            "message": "Refactor source attribute validation logic into static utility method",
            "insertions": 33,
            "deletions": 25
          }
        ]
      },
      {
        "insertions": 0,
        "deletions": 0,
        "date": "2019-03-13",
        "commitResults": []
      },
      {
        "insertions": 0,
        "deletions": 0,
        "date": "2019-03-14",
        "commitResults": []
      },
      {
        "insertions": 0,
        "deletions": 0,
        "date": "2019-03-15",
        "commitResults": []
      },
      {
        "insertions": 580,
        "deletions": 624,
        "date": "2019-03-16",
        "commitResults": [
          {
            "hash": "92459d03c9331f649cbc3fbd65f16bcf39f244a1",
            "message": "Remove sourcemodel",
            "insertions": 0,
            "deletions": 479
          },
          {
            "hash": "41e12e4081a4dd9eccf2195b13aeb728028a4de3",
            "message": "Update API: rename \"address book\" references to \"source manager\"",
            "insertions": 580,
            "deletions": 145
          }
        ]
      },
      {
        "insertions": 1080,
        "deletions": 986,
        "date": "2019-03-17",
        "commitResults": [
          {
            "hash": "c92deec2a3fa6956c3f454d958072282c79e55bd",
            "message": "Update model tests: migrate from addressbook to source manager",
            "insertions": 725,
            "deletions": 394
          },
          {
            "hash": "44937405f96dd99facbb168271f573543dd3e6c0",
            "message": "Remove some deprecated tests and unused imports",
            "insertions": 0,
            "deletions": 187
          },
          {
            "hash": "4c08ded71b65bb7111bf63d4c65eaaf8533a9638",
            "message": "Implement TitleContainsKeywordsPredicate.java",
            "insertions": 32,
            "deletions": 0
          },
          {
            "hash": "bae6a91ddeca189c8f861b411b0a9603beed03db",
            "message": "Rewrite EditPersonDescriptorBuilder to EditSourceDescriptorBuilder",
            "insertions": 78,
            "deletions": 88
          },
          {
            "hash": "d3619770f6a57fe6622800843c2ab1686800842f",
            "message": "Fix typo",
            "insertions": 1,
            "deletions": 1
          },
          {
            "hash": "969fb6229a51bb12024765c901256d284087b33b",
            "message": "Rewrite CommandTestUtil.java",
            "insertions": 55,
            "deletions": 61
          },
          {
            "hash": "7396b8c68bfd9b09ae0425734897b9bf4e06c489",
            "message": "Rewrite PersonUtil.java as SourceUtil.java",
            "insertions": 60,
            "deletions": 62
          },
          {
            "hash": "0755de198f16b41c59a70f2afcb758bc1aecb729",
            "message": "Update variable names in TypicalIndexes.java",
            "insertions": 3,
            "deletions": 3
          },
          {
            "hash": "ffda49871f63f9b263295a2229e1445e7cf382d8",
            "message": "Rewrite SourceManagerParserTest.java",
            "insertions": 18,
            "deletions": 18
          },
          {
            "hash": "f312c119b1082c95079b45acb46f23840eb67851",
            "message": "Rewrite SelectCommandParserTest.java",
            "insertions": 2,
            "deletions": 2
          },
          {
            "hash": "d1fabcde56f0a74343a04330b335b119668d81f0",
            "message": "Rewrite ParserUtilTest.java",
            "insertions": 47,
            "deletions": 73
          },
          {
            "hash": "260a6431a91144eca53f51d0f7cf954395605ecb",
            "message": "Rewrite FindCommandParserTest.java",
            "insertions": 2,
            "deletions": 2
          },
          {
            "hash": "47229c38cb99526a00eb49d51ff5d2c5250db06c",
            "message": "Rewrite EditCommandParserTest.java",
            "insertions": 55,
            "deletions": 93
          },
          {
            "hash": "541774005d699979e15a8d4829c5db1af8155bae",
            "message": "Rewrite DeleteCommandParserTest.java",
            "insertions": 2,
            "deletions": 2
          }
        ]
      },
      {
        "insertions": 680,
        "deletions": 758,
        "date": "2019-03-18",
        "commitResults": [
          {
            "hash": "e9015ed8065c440de6b1ebe0b31162d5133fac69",
            "message": "Rewrite AddCommandParserTest.java",
            "insertions": 48,
            "deletions": 83
          },
          {
            "hash": "0e37b382b8d477dc5df2bd3a6f3875bbd2f5e9aa",
            "message": "Rewrite LogicManagerTest.java",
            "insertions": 26,
            "deletions": 26
          },
          {
            "hash": "53bf3f4380a288d808033f829dd00098059fc639",
            "message": "Rewrite PersonCardHandle.java as SourceCardHandle.java",
            "insertions": 79,
            "deletions": 87
          },
          {
            "hash": "1d9e6fce38dbcb0f2c80b50f72489774e97f1307",
            "message": "Rewrite PersonListPanelHandle.java as SourceListPanelHandle.java",
            "insertions": 34,
            "deletions": 34
          },
          {
            "hash": "3eea727b3e8d61ae2d9227d2d598c8ee01d2f633",
            "message": "Revert \"Rewrite PersonListPanelHandle.java as SourceListPanelHandle.java\"",
            "insertions": 34,
            "deletions": 34
          },
          {
            "hash": "824dc9eb8117adb014da8c960c5a3a7582090fb4",
            "message": "Rewrite MainWindowHandle.java",
            "insertions": 4,
            "deletions": 4
          },
          {
            "hash": "e95e2ba4901bf871239124c39426724c3779073c",
            "message": "Rewrite ModelHelper.java",
            "insertions": 9,
            "deletions": 9
          },
          {
            "hash": "96396c2ad68dbaf9fb38c338be1a98a7eabe0206",
            "message": "Rewrite TestApp.java",
            "insertions": 15,
            "deletions": 15
          },
          {
            "hash": "7b93733cb94a35d2eeefa9e61cb0729add028a4a",
            "message": "Rewrite SystemTestSetupHelper.java",
            "insertions": 3,
            "deletions": 3
          },
          {
            "hash": "ecc50b8c68859fdd2ba2dcba1d9718b7b4d3e34f",
            "message": "Rewrite GuiTestAssert.java",
            "insertions": 25,
            "deletions": 27
          },
          {
            "hash": "d75462797e3fb40ae5146b250c75c61091a8ad7e",
            "message": "Rewrite SourceManagerSystemTest.java",
            "insertions": 38,
            "deletions": 38
          },
          {
            "hash": "93aaf93e800b56c0d48492a478f3f69a52a44a07",
            "message": "Rewrite AddCommandSystemTest.java",
            "insertions": 99,
            "deletions": 113
          },
          {
            "hash": "5ef282c9b3167db7135433ebf35d8c3fb04d0422",
            "message": "Rewrite ClearCommandSystemTest.java",
            "insertions": 12,
            "deletions": 12
          },
          {
            "hash": "704afd9bd636aa1890a89ffa78d8520858122c84",
            "message": "Rewrite TestUtil.java",
            "insertions": 8,
            "deletions": 8
          },
          {
            "hash": "668e27927871b3ab61eedfa7b0907cf164e55201",
            "message": "Rewrite DeleteCommandSystemTest.java",
            "insertions": 47,
            "deletions": 47
          },
          {
            "hash": "5f7c73437c1a23bd9ab6939ddf471aed47a34ab2",
            "message": "Rewrite EditCommandSystemTest.java",
            "insertions": 136,
            "deletions": 150
          },
          {
            "hash": "236587a5badc7d55373e70b98539d654eeff6590",
            "message": "Rewrite FindCommandSystemTest.java",
            "insertions": 40,
            "deletions": 45
          },
          {
            "hash": "4ba9294e654dcf6ee716840e1603a7c7000b59a8",
            "message": "Rewrite HelpCommandSystemTest.java",
            "insertions": 6,
            "deletions": 6
          },
          {
            "hash": "99b38fabd52c66a7e44038259dcececbe63ebb35",
            "message": "Rewrite SampleDataTest.java",
            "insertions": 6,
            "deletions": 6
          },
          {
            "hash": "cad3c17c19fcd27c3bcd953d772b2936c95c6646",
            "message": "Update files",
            "insertions": 11,
            "deletions": 11
          }
        ]
      },
      {
        "insertions": 115,
        "deletions": 11,
        "date": "2019-03-19",
        "commitResults": [
          {
            "hash": "83a55e0504c25be5070527edc70db7ed06a1d9d8",
            "message": "Update DeveloperGuide.adoc with command alias feature",
            "insertions": 32,
            "deletions": 0
          },
          {
            "hash": "7fa0d7575510e2c091b7a48651b91eaca864c44a",
            "message": "Update .fxml files to fix NullPointerExceptions",
            "insertions": 6,
            "deletions": 7
          },
          {
            "hash": "ac7e78f9901de3734c07ac325387869261e0f496",
            "message": "Implement rudimentary support for command aliases",
            "insertions": 73,
            "deletions": 0
          },
          {
            "hash": "fd2b8394c40419b297e17cffecaf55ef41db61f0",
            "message": "Reorder import statements (fix Travis checkstyle failing)",
            "insertions": 2,
            "deletions": 2
          },
          {
            "hash": "dfb80071301f957bfe661ffd2db215dfab35e687",
            "message": "Remove trailing whitespaces (fix Travis failing)",
            "insertions": 2,
            "deletions": 2
          }
        ]
      },
      {
        "insertions": 116,
        "deletions": 29,
        "date": "2019-03-20",
        "commitResults": [
          {
            "hash": "223f082e50bcc2de1c872f2fd8173a2db7f12958",
            "message": "Reimplement AliasManager",
            "insertions": 116,
            "deletions": 29
          }
        ]
      },
      {
        "insertions": 0,
        "deletions": 0,
        "date": "2019-03-21",
        "commitResults": []
      },
      {
        "insertions": 30,
        "deletions": 0,
        "date": "2019-03-22",
        "commitResults": [
          {
            "hash": "818a06b23d168b1a89a42b9c72db9d24abd97907",
            "message": "Add reposense config file",
            "insertions": 30,
            "deletions": 0
          }
        ]
      },
      {
        "insertions": 0,
        "deletions": 0,
        "date": "2019-03-23",
        "commitResults": []
      },
      {
        "insertions": 0,
        "deletions": 0,
        "date": "2019-03-24",
        "commitResults": []
      },
      {
        "insertions": 32,
        "deletions": 4,
        "date": "2019-03-25",
        "commitResults": [
          {
            "hash": "b251ade96bb8e46a54d59bc98054a67b34ecaad2",
            "message": "Update user guide",
            "insertions": 32,
            "deletions": 4
          }
        ]
      },
      {
        "insertions": 169,
        "deletions": 145,
        "date": "2019-03-26",
        "commitResults": [
          {
            "hash": "9e0b069b8e0a6c46bdb2ffc0ea430bd5964d49cb",
            "message": "Update user guide",
            "insertions": 9,
            "deletions": 2
          },
          {
            "hash": "6dd74703c1a4747c4f640caed25f03cae5eddde4",
            "message": "Implement isValidCommand() method for SourceManagerParser",
            "insertions": 31,
            "deletions": 17
          },
          {
            "hash": "0030e7f5ebaa12cc38d789c4802b5483ed56736d",
            "message": "Rewrite AliasManager",
            "insertions": 109,
            "deletions": 120
          },
          {
            "hash": "401336d79077db304f63aed719794e7cd4db52dd",
            "message": "Clean up code",
            "insertions": 20,
            "deletions": 6
          }
        ]
      }
    ]
  },
  "authorFinalContributionMap": {
    "suriruhani": 389,
    "DoItTomorrow": 110,
    "case141": 368,
    "DarrenDragonLee": 161,
    "fterh": 1675
  },
  "authorContributionVariance": {
    "suriruhani": 7727.3433,
    "DoItTomorrow": 498.4005,
    "case141": 2909.306,
    "DarrenDragonLee": 12753.328,
    "fterh": 141072.16
  },
  "authorDisplayNameMap": {
    "suriruhani": "RUH...URI",
    "DoItTomorrow": "YAN...ANG",
    "case141": "LOW...SEY",
    "DarrenDragonLee": "LEE...REN",
    "fterh": "TER...WEI"
  }
}
